"Name","Address","Website","Type","Awards offered","Campus setting","Campus housing","Student population","Undergraduate students","Graduation Rate","Transfer-Out Rate","Cohort Year *","Net Price **","Largest Program","IPEDS ID","OPE ID"
"Alice Lloyd College","100 Purpose Rd, Pippa Passes, Kentucky 41844","www.alc.edu","4-year, Private not-for-profit","Bachelor's degree","Rural: Remote","Yes","644","644","70%","5%","Fall 2012","$15,120","-","156189","00195100"
"Allen College","1990 Heath St, Waterloo, Iowa 50703-1999","www.allencollege.edu","4-year, Private not-for-profit","One but less than two years certificate|Associate's degree|Bachelor's degree|Master's degree|Post-master's certificate|Doctor's degree - research/scholarship|Doctor's degree - other","City: Small","No","662","342","NA","NA","Fall 2012","NA","-","152798","03069100"
"Anabaptist Mennonite Biblical Seminary","3003 Benham Ave, Elkhart, Indiana 46517-1999","www.ambs.edu","4-year, Private not-for-profit","Postbaccalaureate certificate|Master's degree","City: Small","Yes","98","","NA","NA","Fall 2012","NA","-","151865","00182300"
"Anderson University","1100 E 5th St, Anderson, Indiana 46012-3495","https://anderson.edu","4-year, Private not-for-profit","Associate's degree|Bachelor's degree|Master's degree|Doctor's degree - research/scholarship","City: Small","Yes","1722","1445","60%","28%","Fall 2012","$23,787","-","150066","00178500"
"Asbury Theological Seminary","204 N Lexington Ave, Wilmore, Kentucky 40390-1199","www.asburyseminary.edu","4-year, Private not-for-profit","Postbaccalaureate certificate|Master's degree|Doctor's degree - research/scholarship","Town: Fringe","Yes","1690","","NA","NA","Fall 2012","NA","-","156222","00195300"
"Asbury University","1 Macklem Dr, Wilmore, Kentucky 40390-1198","www.asbury.edu","4-year, Private not-for-profit","Associate's degree|Bachelor's degree|Master's degree","Town: Fringe","Yes","1940","1697","62%","NA","Fall 2012","$22,646","-","156213","00195200"
"Bais HaMedrash and Mesivta of Baltimore","6823 Old Pimlico Road, Baltimore, Maryland 21209-1613","www.bhmb.edu","4-year, Private not-for-profit","Bachelor's degree","Suburb: Large","Yes","80","80","41%","59%","Fall 2012","$7,972","-","476601","04188400"
"Baker University","618 Eighth Street, Baldwin City, Kansas 66006-0065","https://www.bakeru.edu","4-year, Private not-for-profit","Associate's degree|Bachelor's degree|Master's degree|Doctor's degree - research/scholarship","Town: Fringe","Yes","2769","1793","59%","21%","Fall 2012","$23,016","-","154688","00190300"
"Baker University School of Nursing","1505 SW 8th Ave, Topeka, Kansas 66604-1353","www.bakeru.edu","4-year, Private not-for-profit","Bachelor's degree|Master's degree","City: Midsize","","","","NA","NA","Fall 2012","NA","-","15468801","00190302"
"Baker University School of Professional and Graduate Studies and Graduate School of Education","7301 College Blvd, Suite 120, Overland Park, Kansas 66210-1937","www.bakeru.edu","4-year, Private not-for-profit","Associate's degree|Bachelor's degree|Master's degree|Doctor's degree - research/scholarship","City: Midsize","No","","","NA","NA","Fall 2012","NA","-","15468802","00190314"
"Ball State University","2000 University Ave, Muncie, Indiana 47306","www.bsu.edu","4-year, Public","Less than one year certificate|Associate's degree|Bachelor's degree|Postbaccalaureate certificate|Master's degree|Post-master's certificate|Doctor's degree - research/scholarship|Doctor's degree - professional practice","City: Small","Yes","21884","16160","63%","25%","Fall 2012","$13,642","-","150136","00178600"
"Barclay College","607 N Kingman, Haviland, Kansas 67059-0288","www.barclaycollege.edu","4-year, Private not-for-profit","Less than one year certificate|Associate's degree|Bachelor's degree|Master's degree|Post-master's certificate","Rural: Remote","Yes","243","213","43%","28%","Fall 2012","$22,484","-","155070","00191700"
"Bates College","2 Andrews Road, Lewiston, Maine 04240","www.bates.edu/","4-year, Private not-for-profit","Bachelor's degree","City: Small","Yes","1832","1832","89%","9%","Fall 2012","$25,113","-","160977","00203600"
"Bellarmine University","2001 Newburg Rd, Louisville, Kentucky 40205-0671","www.bellarmine.edu","4-year, Private not-for-profit","Two but less than 4 years certificate|Bachelor's degree|Postbaccalaureate certificate|Master's degree|Doctor's degree - research/scholarship|Doctor's degree - professional practice","City: Large","Yes","3369","2552","67%","23%","Fall 2012","$23,607","-","156286","00195400"
"Bellarmine University - Bullitt County","Main Administration Building, Shepherdsville, Kentucky 40165-6122","","4-year, Private not-for-profit","Master's degree","Suburb: Large","","","","NA","NA","Fall 2012","NA","-","15628601",""
"Bellarmine University - Oldham County","Main Administration Building, Crestwood, Kentucky 40014-9531","","4-year, Private not-for-profit","Master's degree","Suburb: Large","","","","NA","NA","Fall 2012","NA","-","15628602",""
"Benedictine College","1020 N 2nd St, Atchison, Kansas 66002-1499","www.benedictine.edu","4-year, Private not-for-profit","Bachelor's degree|Master's degree","Town: Distant","Yes","2124","2057","60%","4%","Fall 2012","$24,461","-","154712","01025600"
"Berea College","101 Chestnut Street, Berea, Kentucky 40404-2182","https://www.berea.edu","4-year, Private not-for-profit","Bachelor's degree","Town: Distant","Yes","1673","1673","63%","21%","Fall 2012","$1,196","-","156295","00195500"
"Bethany College","335 E Swensson St, Lindsborg, Kansas 67456-1897","https://www.bethanylb.edu","4-year, Private not-for-profit","Bachelor's degree","Town: Remote","Yes","891","891","29%","NA","Fall 2012","$22,583","-","154721","00190400"
"Bethany Theological Seminary","615 National Rd W, Richmond, Indiana 47374-4019","www.bethanyseminary.edu","4-year, Private not-for-profit","Postbaccalaureate certificate|Master's degree","Town: Distant","Yes","47","","NA","NA","Fall 2012","NA","-","143233","00163700"
"Bethel College-Indiana","1001 Bethel Circle, Mishawaka, Indiana 46545-5591","www.betheluniversity.edu","4-year, Private not-for-profit","Associate's degree|Bachelor's degree|Master's degree","City: Small","Yes","1513","1329","71%","NA","Fall 2012","$20,247","-","150145","00178700"
"Bethel College-North Newton","300 E 27th St, North Newton, Kansas 67117-1716","www.bethelks.edu","4-year, Private not-for-profit","Less than one year certificate|Bachelor's degree","Town: Distant","Yes","444","444","52%","NA","Fall 2012","$22,211","-","154749","00190500"
"Bowdoin College","255 Maine Street, Brunswick, Maine 04011","www.bowdoin.edu/","4-year, Private not-for-profit","Bachelor's degree","Town: Fringe","Yes","1828","1828","95%","3%","Fall 2012","$24,831","-","161004","00203800"
"Bowie State University","14000 Jericho Park Rd, Bowie, Maryland 20715-9465","www.bowiestate.edu","4-year, Public","Bachelor's degree|Postbaccalaureate certificate|Master's degree|Post-master's certificate|Doctor's degree - research/scholarship","Suburb: Large","Yes","6320","5308","42%","20%","Fall 2012","$13,455","-","162007","00206200"
"Brescia University","717 Frederica St, Owensboro, Kentucky 42301-3023","www.brescia.edu","4-year, Private not-for-profit","Associate's degree|Bachelor's degree|Postbaccalaureate certificate|Master's degree","City: Small","Yes","1015","952","35%","21%","Fall 2012","$13,413","-","156356","00195800"
"Briar Cliff University","3303 Rebecca Street, Sioux City, Iowa 51104","www.briarcliff.edu","4-year, Private not-for-profit","Associate's degree|Bachelor's degree|Master's degree|Post-master's certificate|Doctor's degree - professional practice","City: Small","Yes","1229","976","45%","NA","Fall 2012","$18,442","-","152992","00184600"
"Buena Vista University","610 W 4th St, Storm Lake, Iowa 50588","https://www.bvu.edu","4-year, Private not-for-profit","Bachelor's degree|Master's degree","Town: Remote","Yes","1846","1619","54%","NA","Fall 2012","$20,580","-","153001","00184700"
"Butler University","4600 Sunset Ave, Indianapolis, Indiana 46208","www.butler.edu","4-year, Private not-for-profit","Associate's degree|Bachelor's degree|Postbaccalaureate certificate|Master's degree|Doctor's degree - professional practice","City: Large","Yes","5495","4698","82%","14%","Fall 2012","$37,954","-","150163","00178800"
"Calumet College of Saint Joseph","2400 New York Ave, Whiting, Indiana 46394","www.ccsj.edu","4-year, Private not-for-profit","One but less than two years certificate|Associate's degree|Bachelor's degree|Master's degree","Suburb: Large","No","773","584","27%","15%","Fall 2012","$10,340","-","150172","00183400"
"Campbellsville University","1 University Dr, Campbellsville, Kentucky 42718-2799","www.campbellsville.edu","4-year, Private not-for-profit","Less than one year certificate|One but less than two years certificate|Associate's degree|Bachelor's degree|Postbaccalaureate certificate|Master's degree|Post-master's certificate|Doctor's degree - research/scholarship","Town: Distant","Yes","11470","4020","40%","NA","Fall 2012","$17,843","-","156365","00195900"
"Capitol Technology University","11301 Springfield Rd, Laurel, Maryland 20708","www.captechu.edu","4-year, Private not-for-profit","Less than one year certificate|Associate's degree|Bachelor's degree|Postbaccalaureate certificate|Master's degree|Doctor's degree - research/scholarship","Suburb: Large","Yes","743","434","48%","NA","Fall 2012","$21,816","-","162061","00143600"
"Centenary College of Louisiana","2911 Centenary Boulevard, Shreveport, Louisiana 71134-1188","www.centenary.edu","4-year, Private not-for-profit","Bachelor's degree|Master's degree","City: Midsize","Yes","585","552","60%","30%","Fall 2012","$25,897","-","158477","00200300"
"Central Christian College of Kansas","1200 S Main, McPherson, Kansas 67460-5740","www.centralchristian.edu","4-year, Private not-for-profit","Associate's degree|Bachelor's degree","Town: Remote","Yes","726","726","37%","NA","Fall 2012","$13,184","-","154855","00190800"
"Central College","812 University, Pella, Iowa 50219","www.central.edu","4-year, Private not-for-profit","Bachelor's degree","Town: Distant","Yes","1117","1117","72%","NA","Fall 2012","$22,753","-","153108","00185000"
"Centre College","625 W Walnut St, Danville, Kentucky 40422-1394","https://www.centre.edu","4-year, Private not-for-profit","Bachelor's degree","Town: Distant","Yes","1434","1434","81%","NA","Fall 2012","$25,051","-","156408","00196100"
"Christian Theological Seminary","1000 W 42nd St, Indianapolis, Indiana 46208-3301","www.cts.edu","4-year, Private not-for-profit","Master's degree|Doctor's degree - research/scholarship","City: Large","No","155","","NA","NA","Fall 2012","NA","-","150215","00178900"
"Clarke University","1550 Clarke Dr, Dubuque, Iowa 52001-3198","www.clarke.edu","4-year, Private not-for-profit","Associate's degree|Bachelor's degree|Postbaccalaureate certificate|Master's degree|Post-master's certificate|Doctor's degree - professional practice","City: Small","Yes","1004","744","63%","NA","Fall 2012","$25,819","-","153126","00185200"
"Clear Creek Baptist Bible College","300 Clear Creek Rd, Pineville, Kentucky 40977-9752","www.ccbbc.edu/","4-year, primarily associate's, Private not-for-profit","Less than one year certificate|Associate's degree|Bachelor's degree","Rural: Distant","Yes","131","131","20%","40%","Fall 2012","$9,789","-","156417","02535600"
"Cleveland University-Kansas City","10850 Lowell Avenue, Overland Park, Kansas 66210","www.cleveland.edu","4-year, Private not-for-profit","Associate's degree|Bachelor's degree|Postbaccalaureate certificate|Master's degree|Doctor's degree - professional practice","City: Midsize","No","549","67","100%","NA","Fall 2012","$31,712","-","177038","02090700"
"Coe College","1220 First Ave NE, Cedar Rapids, Iowa 52402-5092","www.coe.edu","4-year, Private not-for-profit","Bachelor's degree","City: Midsize","Yes","1422","1422","66%","NA","Fall 2012","$22,456","-","153144","00185400"
"Colby College","4000 Mayflower Hill Drive, Waterville, Maine 04901-8840","www.colby.edu","4-year, Private not-for-profit","Bachelor's degree","Town: Remote","Yes","2000","2000","90%","6%","Fall 2012","$20,689","-","161086","00203900"
"College of the Atlantic","105 Eden Street, Bar Harbor, Maine 04609","www.coa.edu","4-year, Private not-for-profit","Bachelor's degree|Master's degree","Town: Remote","Yes","337","332","67%","NA","Fall 2012","$17,279","-","160959","01138500"
"Concordia Theological Seminary","6600 N Clinton St, Fort Wayne, Indiana 46825-4996","www.ctsfw.edu","4-year, Private not-for-profit","Master's degree|Doctor's degree - research/scholarship","City: Large","Yes","301","","NA","NA","Fall 2012","NA","-","150288","02087600"
"Coppin State University","2500 West North Avenue, Baltimore, Maryland 21216-3698","www.coppin.edu","4-year, Public","Two but less than 4 years certificate|Bachelor's degree|Postbaccalaureate certificate|Master's degree|Post-master's certificate|Doctor's degree - professional practice","City: Large","Yes","2738","2362","24%","NA","Fall 2012","$9,689","-","162283","00206800"
"Cornell College","600 First St. SW, Mount Vernon, Iowa 52314-1098","www.cornellcollege.edu","4-year, Private not-for-profit","Bachelor's degree","Town: Fringe","Yes","1028","1028","76%","20%","Fall 2012","$27,962","-","153162","00185600"
"Crossroads Bible College","601 N Shortridge Rd, Indianapolis, Indiana 46219-4912","www.crossroads.edu","4-year, Private not-for-profit","One but less than two years certificate|Associate's degree|Bachelor's degree","City: Large","No","157","157","31%","25%","Fall 2012","$9,100","-","439613","03456700"
"Denver Seminary - Washington DC","3600 Brightseat Road, Landover, Maryland 20785-2414","www.denverseminary.edu/dc/","4-year, Private not-for-profit","Postbaccalaureate certificate|Master's degree","Suburb: Large","","","","NA","NA","Fall 2012","NA","-","12697901","00135201"
"DePauw University","313 S Locust St, Greencastle, Indiana 46135-1772","www.depauw.edu","4-year, Private not-for-profit","Bachelor's degree","Town: Distant","Yes","2156","2156","85%","NA","Fall 2012","$29,262","-","150400","00179200"
"Des Moines University-Osteopathic Medical Center","3200 Grand Ave, Des Moines, Iowa 50312","www.dmu.edu","4-year, Private not-for-profit","Master's degree|Doctor's degree - professional practice","City: Midsize","No","1549","","NA","NA","Fall 2012","NA","-","154156","00185500"
"Dillard University","2601 Gentilly Blvd, New Orleans, Louisiana 70122","www.dillard.edu","4-year, Private not-for-profit","Bachelor's degree","City: Large","Yes","1309","1309","42%","36%","Fall 2012","$17,590","-","158802","00200400"
"Divine Word College","102 Jacoby Dr SW, Epworth, Iowa 52045","www.dwci.edu","4-year, Private not-for-profit","Associate's degree|Bachelor's degree","Rural: Distant","Yes","57","57","75%","25%","Fall 2012","$10,364","-","153241","00185800"
"Donnelly College","608 N 18th St, Kansas City, Kansas 66102","donnelly.edu","4-year, primarily associate's, Private not-for-profit","One but less than two years certificate|Associate's degree|Bachelor's degree","City: Midsize","No","364","364","19%","32%","Fall 2012","$12,029","-","155007","00191400"
"Dordt College","498 4th Ave NE, Sioux Center, Iowa 51250-1697","www.dordt.edu","4-year, Private not-for-profit","Associate's degree|Bachelor's degree|Master's degree","Town: Remote","Yes","1564","1424","73%","NA","Fall 2012","$26,273","-","153250","00185900"
"Drake University","2507 University Avenue, Des Moines, Iowa 50311-4505","www.drake.edu","4-year, Private not-for-profit","Bachelor's degree|Master's degree|Post-master's certificate|Doctor's degree - research/scholarship|Doctor's degree - professional practice","City: Midsize","Yes","4869","3015","78%","NA","Fall 2012","$29,511","-","153269","00186000"
"Earlham College","801 National Rd West, Richmond, Indiana 47374-4095","www.earlham.edu","4-year, Private not-for-profit","Bachelor's degree|Postbaccalaureate certificate|Master's degree","Town: Distant","Yes","1104","1050","64%","NA","Fall 2012","$22,601","-","150455","00179300"
"Eastern Kentucky University","521 Lancaster Ave, Richmond, Kentucky 40475-3102","www.eku.edu","4-year, Public","One but less than two years certificate|Associate's degree|Bachelor's degree|Postbaccalaureate certificate|Master's degree|Post-master's certificate|Doctor's degree - professional practice|Doctor's degree - other","Town: Distant","Yes","15815","13398","47%","26%","Fall 2012","$14,273","-","156620","00196300"
"Emmaus Bible College","2570 Asbury Rd, Dubuque, Iowa 52001-3096","www.emmaus.edu","4-year, primarily associate's, Private not-for-profit","One but less than two years certificate|Associate's degree|Bachelor's degree","City: Small","Yes","238","238","76%","NA","Fall 2012","$16,005","-","153302","02328900"
"Emporia State University","1 Kellogg Circle, Emporia, Kansas 66801-5415","www.emporia.edu","4-year, Public","Bachelor's degree|Postbaccalaureate certificate|Master's degree|Post-master's certificate|Doctor's degree - research/scholarship","Town: Remote","Yes","5796","3569","45%","31%","Fall 2012","$13,670","-","155025","00192700"
"Faith Baptist Bible College and Theological Seminary","1900 NW 4th St, Ankeny, Iowa 50023-2152","https://www.faith.edu","4-year, Private not-for-profit","One but less than two years certificate|Associate's degree|Bachelor's degree|Master's degree|Doctor's degree - research/scholarship","Suburb: Large","Yes","353","293","51%","29%","Fall 2012","$14,953","-","153320","00712100"
"Faith Theological Seminary","529 Walker Avenue, Baltimore, Maryland 21212-2624","fts.edu","4-year, Private not-for-profit","Bachelor's degree|Master's degree|Doctor's degree","City: Large","No","117","46","NA","NA","Fall 2012","$17,688","-","212452","03667300"
"Fort Hays State University","600 Park St, Hays, Kansas 67601-4099","www.fhsu.edu","4-year, Public","Associate's degree|Bachelor's degree|Master's degree|Post-master's certificate|Doctor's degree - professional practice","Town: Remote","Yes","15523","12780","44%","29%","Fall 2012","$12,420","-","155061","00191500"
"Franciscan Missionaries of Our Lady University","5414 Brittany Dr, Baton Rouge, Louisiana 70808","www.franu.edu","4-year, Private not-for-profit","Less than one year certificate|Associate's degree|Bachelor's degree|Master's degree|Doctor's degree - professional practice","City: Midsize","No","1368","1120","35%","6%","Fall 2012","$14,477","-","160074","03106200"
"Franklin College","101 Branigin Blvd, Franklin, Indiana 46131-2623","www.franklincollege.edu","4-year, Private not-for-profit","Bachelor's degree|Master's degree","Suburb: Large","Yes","982","960","61%","28%","Fall 2012","$22,245","-","150604","00179800"
"Friends University","2100 W. University Ave., Wichita, Kansas 67213","www.friends.edu","4-year, Private not-for-profit","Less than one year certificate|Bachelor's degree|Master's degree","City: Large","Yes","1926","1356","39%","41%","Fall 2012","$18,780","-","155089","00191800"
"Frontier Nursing University","195 School Street, Hyden, Kentucky 41749","www.frontier.edu/","4-year, Private not-for-profit","Master's degree|Post-master's certificate|Doctor's degree - professional practice","Rural: Distant","No","2140","","NA","NA","Fall 2012","NA","-","156727","03007000"
"Frostburg State University","101 Braddock Road, Frostburg, Maryland 21532-1099","www.frostburg.edu","4-year, Public","Bachelor's degree|Master's degree|Post-master's certificate|Doctor's degree - research/scholarship","Suburb: Small","Yes","5295","4639","52%","21%","Fall 2012","$13,980","-","162584","00207200"
"Georgetown College","400 East College Street, Georgetown, Kentucky 40324-1696","www.georgetowncollege.edu","4-year, Private not-for-profit","Bachelor's degree|Master's degree","Town: Fringe","Yes","1608","961","58%","NA","Fall 2012","$19,852","-","156745","00196400"
"Goshen College","1700 S Main St, Goshen, Indiana 46526-4794","www.goshen.edu","4-year, Private not-for-profit","Bachelor's degree|Master's degree|Doctor's degree","City: Small","Yes","927","845","68%","NA","Fall 2012","$18,519","-","150668","00179900"
"Goucher College","1021 Dulaney Valley Rd, Baltimore, Maryland 21204-2794","www.goucher.edu","4-year, Private not-for-profit","Bachelor's degree|Postbaccalaureate certificate|Master's degree|Post-master's certificate","City: Small","Yes","2267","1525","71%","NA","Fall 2012","$29,009","-","162654","00207300"
"Grace College and Theological Seminary","200 Seminary Dr, Winona Lake, Indiana 46590-1274","www.grace.edu","4-year, Private not-for-profit","Associate's degree|Bachelor's degree|Postbaccalaureate certificate|Master's degree|Doctor's degree","Town: Distant","Yes","2029","1625","57%","NA","Fall 2012","$20,577","-","150677","00180000"
"Graceland University-Lamoni","1 University Place, Lamoni, Iowa 50140","www.graceland.edu","4-year, Private not-for-profit","Bachelor's degree|Postbaccalaureate certificate|Master's degree|Post-master's certificate|Doctor's degree","Rural: Remote","Yes","1993","1181","51%","40%","Fall 2012","$18,923","-","153366","00186600"
"Grambling State University","403 Main Street, Grambling, Louisiana 71245","www.gram.edu","4-year, Public","Bachelor's degree|Master's degree|Post-master's certificate|Doctor's degree - research/scholarship","Town: Distant","Yes","5205","4110","33%","NA","Fall 2012","$18,009","-","159009","00200600"
"Grand View University","1200 Grandview Ave, Des Moines, Iowa 50316","www.grandview.edu","4-year, Private not-for-profit","Less than one year certificate|Bachelor's degree|Postbaccalaureate certificate|Master's degree","City: Midsize","Yes","1886","1761","50%","32%","Fall 2012","$17,946","-","153375","00186700"
"Grinnell College","1121 Park Street, Grinnell, Iowa 50112-1690","www.grinnell.edu","4-year, Private not-for-profit","Bachelor's degree","Town: Remote","Yes","1716","1716","84%","11%","Fall 2012","$30,808","-","153384","00186800"
"Hanover College","517 Ball Drive, Hanover, Indiana 47243","www.hanover.edu","4-year, Private not-for-profit","Bachelor's degree","Town: Distant","Yes","1104","1104","72%","NA","Fall 2012","$21,548","-","150756","00180100"
"Haskell Indian Nations University","155 Indian Ave, Lawrence, Kansas 66046-4800","www.haskell.edu","4-year, primarily associate's, Public","Associate's degree|Bachelor's degree","City: Small","Yes","733","733","45%","50%","Fall 2012","$3,530","-","155140","01043800"
"Herzing University-Kenner","2500 Williams Blvd, Kenner, Louisiana 70062","https://www.herzing.edu","4-year, primarily associate's, Private not-for-profit","Associate's degree|Bachelor's degree|Master's degree|Post-master's certificate","Suburb: Large","No","454","416","24%","NA","Fall 2012","$22,315","-","433536","00962110"
"Hesston College","301 South Main, Hesston, Kansas 67062-2093","www.hesston.edu","4-year, primarily associate's, Private not-for-profit","Associate's degree|Bachelor's degree","Town: Distant","Yes","419","419","52%","28%","Fall 2012","$18,972","-","155177","00192000"
"Holy Cross College","54515 State Road 933 North, Notre Dame, Indiana 46556-0308","www.hcc-nd.edu","4-year, Private not-for-profit","Associate's degree|Bachelor's degree","Suburb: Large","Yes","499","499","39%","42%","Fall 2012","$24,399","-","150774","00726300"
"Hood College","401 Rosemont Ave, Frederick, Maryland 21701","www.hood.edu","4-year, Private not-for-profit","Less than one year certificate|Bachelor's degree|Postbaccalaureate certificate|Master's degree|Doctor's degree - research/scholarship","City: Small","Yes","2005","1092","66%","21%","Fall 2012","$23,149","-","162760","00207600"
"Horizon University","7700 Indian Lake Road, Indianapolis, Indiana 46236-2622","www.horizonuniversity.edu","4-year, Private not-for-profit","Less than one year certificate|Associate's degree|Bachelor's degree","Suburb: Large","No","69","69","NA","NA","Fall 2012","NA","-","457226","04140500"
"Huntington University","2303 College Ave, Huntington, Indiana 46750","www.huntington.edu","4-year, Private not-for-profit","Associate's degree|Bachelor's degree|Master's degree|Doctor's degree - professional practice","Town: Distant","Yes","1302","1047","61%","26%","Fall 2012","$19,709","-","150941","00180300"
"Husson University","1 College Circle, Bangor, Maine 04401-2929","www.husson.edu","4-year, Private not-for-profit","Less than one year certificate|One but less than two years certificate|Associate's degree|Bachelor's degree|Postbaccalaureate certificate|Master's degree|Post-master's certificate|Doctor's degree - professional practice","City: Small","Yes","3761","2910","55%","30%","Fall 2012","$18,417","-","487524","00204300"
"Indiana Institute of Technology","1600 E Washington Blvd, Fort Wayne, Indiana 46803-1228","www.indianatech.edu","4-year, Private not-for-profit","Associate's degree|Bachelor's degree|Master's degree|Doctor's degree - research/scholarship","City: Large","Yes","2218","1524","35%","5%","Fall 2012","$20,041","-","151290","00180500"
"Indiana Institute of Technology-College of Professions Studies","1600 E. Washington Blvd., Fort Wayne, Indiana 46803","cps.indianatech.edu/","4-year, Private not-for-profit","Associate's degree|Bachelor's degree","City: Large","No","4714","4714","46%","4%","Fall 2012","$13,998","-","492962","00180500"
"Indiana State University","210 N 7th St, Terre Haute, Indiana 47809","https://www.indstate.edu","4-year, Public","Less than one year certificate|Bachelor's degree|Postbaccalaureate certificate|Master's degree|Post-master's certificate|Doctor's degree - research/scholarship|Doctor's degree - professional practice","City: Small","Yes","13044","10950","41%","NA","Fall 2012","$11,923","-","151324","00180700"
"Indiana University-Bloomington","107 South Indiana Ave., Bloomington, Indiana 47405-7000","www.indiana.edu/","4-year, Public","Less than one year certificate|One but less than two years certificate|Associate's degree|Bachelor's degree|Postbaccalaureate certificate|Master's degree|Doctor's degree - research/scholarship|Doctor's degree - professional practice","City: Small","Yes","43503","33301","78%","12%","Fall 2012","$11,931","-","151351","00180900"
"Indiana University-East","2325 Chester Blvd, Richmond, Indiana 47374-1289","www.iue.edu/","4-year, Public","Less than one year certificate|Bachelor's degree|Postbaccalaureate certificate|Master's degree","Rural: Fringe","No","3722","3379","41%","26%","Fall 2012","$7,898","-","151388","00181100"
"Indiana University-Kokomo","2300 S Washington St, Kokomo, Indiana 46902-9003","www.iuk.edu","4-year, Public","Less than one year certificate|One but less than two years certificate|Associate's degree|Bachelor's degree|Postbaccalaureate certificate|Master's degree","City: Small","No","3123","2912","37%","25%","Fall 2012","$7,173","-","151333","00181400"
"Indiana University-Northwest","3400 Broadway, Gary, Indiana 46408-1197","www.iun.edu","4-year, Public","Less than one year certificate|One but less than two years certificate|Associate's degree|Bachelor's degree|Postbaccalaureate certificate|Master's degree","City: Small","No","3959","3534","34%","26%","Fall 2012","$5,621","-","151360","00181500"
"Indiana University-Purdue University-Indianapolis","420 University Blvd, Indianapolis, Indiana 46202-5143","www.iupui.edu","4-year, Public","Less than one year certificate|One but less than two years certificate|Associate's degree|Bachelor's degree|Postbaccalaureate certificate|Master's degree|Post-master's certificate|Doctor's degree - research/scholarship|Doctor's degree - professional practice","City: Large","Yes","29579","21246","47%","24%","Fall 2012","$9,371","-","151111","00181300"
"Indiana University-South Bend","1700 Mishawaka Ave, South Bend, Indiana 46615-7111","https://iusb.edu/","4-year, Public","Less than one year certificate|One but less than two years certificate|Associate's degree|Bachelor's degree|Postbaccalaureate certificate|Master's degree","City: Midsize","Yes","5214","4707","32%","26%","Fall 2012","$8,486","-","151342","00181600"
"Indiana University-Southeast","4201 Grant Line Rd, New Albany, Indiana 47150","https://ius.edu/","4-year, Public","Less than one year certificate|Associate's degree|Bachelor's degree|Postbaccalaureate certificate|Master's degree","Suburb: Large","Yes","5144","4659","32%","24%","Fall 2012","$8,541","-","151379","00181700"
"Indiana Wesleyan University-Marion","4201 South Washington Street, Marion, Indiana 46953-4974","https://www.indwes.edu","4-year, Private not-for-profit","One but less than two years certificate|Associate's degree|Bachelor's degree|Postbaccalaureate certificate|Master's degree|Post-master's certificate","Town: Distant","Yes","3188","2853","66%","NA","Fall 2012","$20,342","-","151801","00182200"
"Indiana Wesleyan University-National & Global","1900 West 50th Street, Marion, Indiana 46953","https://www.indwes.edu","4-year, Private not-for-profit","One but less than two years certificate|Associate's degree|Bachelor's degree|Postbaccalaureate certificate|Master's degree|Post-master's certificate|Doctor's degree - research/scholarship|Doctor's degree - professional practice","Rural: Fringe","Yes","10614","6316","37%","NA","Fall 2012","$21,492","-","488679","30182251"
"Institute for Doctoral Studies in the Visual Arts","795 Congress Street, Portland, Maine 04102-0000","www.idsva.edu","4-year, Private not-for-profit","Doctor's degree - research/scholarship","City: Small","No","79","","NA","NA","Fall 2012","NA","-","462044","04188800"
"Iowa State University","1750 Beardshear Hall, Ames, Iowa 50011-2103","www.iastate.edu","4-year, Public","Bachelor's degree|Postbaccalaureate certificate|Master's degree|Post-master's certificate|Doctor's degree - research/scholarship|Doctor's degree - professional practice","City: Small","Yes","34992","29621","75%","18%","Fall 2012","$14,643","-","153603","00186900"
"Iowa Wesleyan University","601 N Main Street, Mount Pleasant, Iowa 52641","https://www.iw.edu","4-year, Private not-for-profit","Bachelor's degree|Postbaccalaureate certificate|Master's degree","Town: Remote","Yes","616","598","22%","28%","Fall 2012","$25,016","-","153621","00187100"
"Johns Hopkins University","3400 N Charles St, Baltimore, Maryland 21218-2688","www.jhu.edu","4-year, Private not-for-profit","Two but less than 4 years certificate|Bachelor's degree|Postbaccalaureate certificate|Master's degree|Post-master's certificate|Doctor's degree - research/scholarship|Doctor's degree - professional practice","City: Large","Yes","26152","6064","93%","2%","Fall 2012","$27,868","-","162928","00207700"
"Kansas Christian College","7401 Metcalf, Overland Park, Kansas 66204-1975","www.kansaschristian.edu","4-year, primarily associate's, Private not-for-profit","One but less than two years certificate|Associate's degree|Bachelor's degree","City: Midsize","Yes","151","151","0%","NA","Fall 2012","$10,174","-","155308","02168900"
"Kansas State University","919 Mid-Campus Drive, Anderson Hall, Manhattan, Kansas 66506","www.k-state.edu","4-year, Public","Less than one year certificate|Associate's degree|Bachelor's degree|Postbaccalaureate certificate|Master's degree|Doctor's degree - research/scholarship|Doctor's degree - professional practice","City: Small","Yes","22221","17869","64%","NA","Fall 2012","$18,002","-","155399","00192800"
"Kansas Wesleyan University","100 E. Claflin Ave., Salina, Kansas 67401-6196","www.kwu.edu","4-year, Private not-for-profit","Associate's degree|Bachelor's degree|Master's degree","Town: Remote","Yes","741","667","37%","45%","Fall 2012","$25,221","-","155414","00192900"
"Kentucky Christian University","100 Academic Pkwy, Grayson, Kentucky 41143-1199","www.kcu.edu","4-year, Private not-for-profit","Bachelor's degree|Master's degree","Town: Distant","Yes","681","577","34%","NA","Fall 2012","$18,839","-","157100","00196500"
"Kentucky Mountain Bible College","855 Hwy 541, Jackson, Kentucky 41339","www.kmbc.edu/","4-year, Private not-for-profit","Associate's degree|Bachelor's degree","Rural: Distant","Yes","71","71","32%","21%","Fall 2012","$12,365","-","157030","03002100"
"Kentucky State University","400 East Main Street, Frankfort, Kentucky 40601-2355","www.kysu.edu","4-year, Public","Less than one year certificate|Associate's degree|Bachelor's degree|Master's degree|Doctor's degree - professional practice","Town: Distant","Yes","1778","1663","18%","38%","Fall 2012","$10,298","-","157058","00196800"
"Kentucky Wesleyan College","3000 Frederica Street, Owensboro, Kentucky 42301","https://kwc.edu/","4-year, Private not-for-profit","Bachelor's degree","City: Small","Yes","830","830","42%","38%","Fall 2012","$26,422","-","157076","00196900"
"Lexington Theological Seminary","230 Lexington Green Circle, Suite 300, Lexington, Kentucky 40503","www.lextheo.edu","4-year, Private not-for-profit","Postbaccalaureate certificate|Master's degree|Post-master's certificate|Doctor's degree - professional practice","City: Large","No","78","","NA","NA","Fall 2012","NA","-","157207","00197100"
"Lindsey Wilson College","210 Lindsey Wilson St, Columbia, Kentucky 42728-1223","www.lindsey.edu","4-year, Private not-for-profit","Associate's degree|Bachelor's degree|Master's degree|Doctor's degree - research/scholarship","Town: Remote","Yes","2589","2040","37%","NA","Fall 2012","$15,405","-","157216","00197200"
"Loras College","1450 Alta Vista, Dubuque, Iowa 52004-0178","www.loras.edu","4-year, Private not-for-profit","Bachelor's degree|Postbaccalaureate certificate|Master's degree","City: Small","Yes","1489","1412","68%","NA","Fall 2012","$20,316","-","153825","00187300"
"Louisiana College","1140 College Dr, Pineville, Louisiana 71359","www.lacollege.edu","4-year, Private not-for-profit","Less than one year certificate|Associate's degree|Bachelor's degree|Master's degree","Suburb: Small","Yes","1245","1004","30%","51%","Fall 2012","$12,572","-","159568","00200700"
"Louisiana State University and Agricultural & Mechanical College","156 Thomas Boyd Hall, Baton Rouge, Louisiana 70803-2750","www.lsu.edu","4-year, Public","Bachelor's degree|Postbaccalaureate certificate|Master's degree|Post-master's certificate|Doctor's degree - research/scholarship|Doctor's degree - professional practice","City: Midsize","Yes","30983","25233","67%","NA","Fall 2012","$17,437","-","159391","00201000"
"Louisiana State University Health Sciences Center-New Orleans","433 Bolivar St, New Orleans, Louisiana 70112-2223","www.lsuhsc.edu","4-year, Public","Associate's degree|Bachelor's degree|Master's degree|Doctor's degree - research/scholarship|Doctor's degree - professional practice","City: Large","Yes","2809","915","NA","NA","Fall 2012","NA","-","159373","00201400"
"Louisiana State University Health Sciences Center-Shreveport","1501 Kings Hwy, Shreveport, Louisiana 71103","www.lsuhscshreveport.edu","4-year, Public","Bachelor's degree|Master's degree|Doctor's degree - research/scholarship|Doctor's degree - professional practice","City: Midsize","No","890","28","NA","NA","Fall 2012","NA","-","435000","00806700"
"Louisiana State University-Alexandria","8100 Hwy 71 South, Alexandria, Louisiana 71302-9121","www.lsua.edu","4-year, Public","Less than one year certificate|One but less than two years certificate|Associate's degree|Bachelor's degree","Rural: Fringe","Yes","3164","3164","30%","29%","Fall 2012","$7,682","-","159382","00201100"
"Louisiana State University-Shreveport","One University Place, Shreveport, Louisiana 71115-2399","www.lsus.edu/","4-year, Public","Bachelor's degree|Postbaccalaureate certificate|Master's degree|Post-master's certificate|Doctor's degree - research/scholarship","City: Midsize","No","7036","2511","33%","NA","Fall 2012","$8,622","-","159416","00201300"
"Louisiana Tech University","1310 West Railroad Avenue, Ruston, Louisiana 71272","https://www.latech.edu","4-year, Public","Associate's degree|Bachelor's degree|Postbaccalaureate certificate|Master's degree|Post-master's certificate|Doctor's degree - research/scholarship|Doctor's degree - professional practice","Town: Distant","Yes","11909","10622","54%","30%","Fall 2012","$9,795","-","159647","00200800"
"Louisville Presbyterian Theological Seminary","1044 Alta Vista Rd, Louisville, Kentucky 40205-1798","www.lpts.edu","4-year, Private not-for-profit","Master's degree|Doctor's degree - professional practice","City: Large","Yes","143","","NA","NA","Fall 2012","NA","-","157298","00197400"
"Loyola University Maryland","4501 N Charles St, Baltimore, Maryland 21210-2699","www.loyola.edu","4-year, Private not-for-profit","Bachelor's degree|Postbaccalaureate certificate|Master's degree|Post-master's certificate|Doctor's degree - research/scholarship|Doctor's degree - professional practice","City: Large","Yes","5645","3879","80%","18%","Fall 2012","$39,027","-","163046","00207800"
"Loyola University New Orleans","6363 Saint Charles Ave, New Orleans, Louisiana 70118-6143","www.loyno.edu","4-year, Private not-for-profit","Bachelor's degree|Postbaccalaureate certificate|Master's degree|Post-master's certificate|Doctor's degree - professional practice","City: Large","Yes","4261","2982","61%","9%","Fall 2012","$22,804","-","159656","00201600"
"Luther College","700 College Drive, Decorah, Iowa 52101-1045","www.luther.edu","4-year, Private not-for-profit","Bachelor's degree","Town: Remote","Yes","2005","2005","79%","NA","Fall 2012","$24,688","-","153834","00187400"
"Maharishi University of Management","1000 N 4th St, Fairfield, Iowa 52557","https://www.mum.edu","4-year, Private not-for-profit","Less than one year certificate|Bachelor's degree|Postbaccalaureate certificate|Master's degree|Post-master's certificate|Doctor's degree - research/scholarship","Town: Remote","Yes","1589","324","70%","NA","Fall 2012","$16,690","-","153861","01111300"
"Maine College of Art","522 Congress St., Portland, Maine 04101-3494","www.meca.edu","4-year, Private not-for-profit","Bachelor's degree|Master's degree","City: Small","Yes","462","395","51%","NA","Fall 2012","$31,174","-","161509","01167300"
"Maine College of Health Professions","70 Middle Street, Lewiston, Maine 04240","www.mchp.edu","4-year, primarily associate's, Private not-for-profit","Less than one year certificate|Associate's degree|Bachelor's degree","City: Small","Yes","177","177","100%","NA","Fall 2012","$13,145","-","161022","00630500"
"Maine Maritime Academy","1 Pleasant Street, Castine, Maine 04420-0001","https://mainemaritime.edu","4-year, Public","Associate's degree|Bachelor's degree|Master's degree","Rural: Distant","Yes","997","979","76%","4%","Fall 2012","$20,875","-","161299","00204400"
"Manchester University","604 E. College Ave, North Manchester, Indiana 46962","www.manchester.edu","4-year, Private not-for-profit","Less than one year certificate|Associate's degree|Two but less than 4 years certificate|Bachelor's degree|Master's degree|Doctor's degree - professional practice","Town: Distant","Yes","1525","1186","56%","NA","Fall 2012","$18,308","-","151777","00182000"
"Manhattan Christian College","1415 Anderson Ave, Manhattan, Kansas 66502-4801","www.mccks.edu","4-year, Private not-for-profit","Less than one year certificate|Associate's degree|Bachelor's degree","City: Small","Yes","232","232","70%","NA","Fall 2012","$20,447","-","155496","00193100"
"Maple Springs Baptist Bible College and Seminary","4130 Belt Rd, Capitol Heights, Maryland 20743","www.msbbcs.edu","4-year, Private not-for-profit","One but less than two years certificate|Associate's degree|Bachelor's degree|Postbaccalaureate certificate|Master's degree|Doctor's degree","Suburb: Large","No","51","27","0%","NA","Fall 2012","NA","-","446394","03822400"
"Marian University","3200 Cold Spring Rd, Indianapolis, Indiana 46222-1997","www.marian.edu","4-year, Private not-for-profit","Associate's degree|Bachelor's degree|Master's degree|Doctor's degree - professional practice","City: Large","Yes","3592","2428","57%","22%","Fall 2012","$20,427","-","151786","00182100"
"Martin University","2186 North Sherman Drive, Indianapolis, Indiana 46218-0567","www.martin.edu","4-year, Private not-for-profit","Bachelor's degree|Master's degree","City: Large","No","318","245","4%","39%","Fall 2012","$14,095","-","151810","02140800"
"Maryland Institute College of Art","1300 Mount Royal Avenue, Baltimore, Maryland 21217-4134","www.mica.edu","4-year, Private not-for-profit","Bachelor's degree|Postbaccalaureate certificate|Master's degree","City: Large","Yes","2178","1782","70%","NA","Fall 2012","$42,314","-","163295","00208000"
"Maryland University of Integrative Health","7750 Montpelier Road, Laurel, Maryland 20723","WWW.muih.EDU","4-year, Private not-for-profit","Postbaccalaureate certificate|Master's degree|Post-master's certificate|Doctor's degree - professional practice","Suburb: Large","No","1065","","NA","NA","Fall 2012","NA","-","164085","02578400"
"McDaniel College","2 College Hill, Westminster, Maryland 21157","www.mcdaniel.edu","4-year, Private not-for-profit","Bachelor's degree|Postbaccalaureate certificate|Master's degree","Suburb: Small","Yes","2780","1603","67%","4%","Fall 2012","$24,065","-","164270","00210900"
"McNeese State University","4205 Ryan St, Lake Charles, Louisiana 70605","www.mcneese.edu","4-year, Public","Associate's degree|Bachelor's degree|Postbaccalaureate certificate|Master's degree|Post-master's certificate","City: Small","Yes","7647","6998","45%","29%","Fall 2012","$9,985","-","159717","00201700"
"McPherson College","1600 E. Euclid, McPherson, Kansas 67460-1402","www.mcpherson.edu","4-year, Private not-for-profit","Bachelor's degree|Master's degree","Town: Remote","Yes","819","772","37%","NA","Fall 2012","$22,094","-","155511","00193300"
"Mercy College of Health Sciences","928 Sixth Ave, Des Moines, Iowa 50309-1239","www.mchs.edu","4-year, Private not-for-profit","One but less than two years certificate|Associate's degree|Bachelor's degree","City: Midsize","No","727","727","42%","NA","Fall 2012","$19,095","-","153977","00627300"
"Mid-America College of Funeral Service","3111 Hamburg Pke, Jeffersonville, Indiana 47130","www.mid-america.edu","4-year, primarily associate's, Private not-for-profit","One but less than two years certificate|Associate's degree|Bachelor's degree","Suburb: Large","No","122","122","92%","8%","Fall 2012","$18,888","-","151962","01061800"
"MidAmerica Nazarene University","2030 E College Way, Olathe, Kansas 66062-1899","www.mnu.edu","4-year, Private not-for-profit","Less than one year certificate|One but less than two years certificate|Associate's degree|Bachelor's degree|Postbaccalaureate certificate|Master's degree|Post-master's certificate","Suburb: Large","Yes","1875","1306","42%","NA","Fall 2012","$19,905","-","155520","00703200"
"Midway University","512 E. Stephens St, Midway, Kentucky 40347-1120","www.midway.edu","4-year, Private not-for-profit","Associate's degree|Bachelor's degree|Master's degree","Rural: Distant","Yes","1668","1456","37%","40%","Fall 2012","$22,791","-","157377","00197500"
"Morehead State University","University Blvd, Morehead, Kentucky 40351","www.moreheadstate.edu","4-year, Public","Associate's degree|Bachelor's degree|Postbaccalaureate certificate|Master's degree|Post-master's certificate|Doctor's degree","Town: Remote","Yes","10195","9395","45%","NA","Fall 2012","$12,528","-","157386","00197600"
"Morgan State University","1700 East Cold Spring Lane, Baltimore, Maryland 21251-0001","www.morgan.edu","4-year, Public","Bachelor's degree|Postbaccalaureate certificate|Master's degree|Doctor's degree - research/scholarship","City: Large","Yes","7712","6419","39%","31%","Fall 2012","$15,814","-","163453","00208300"
"Morningside College","1501 Morningside Ave, Sioux City, Iowa 51106-1751","https://www.morningside.edu","4-year, Private not-for-profit","Bachelor's degree|Postbaccalaureate certificate|Master's degree|Post-master's certificate","City: Small","Yes","2698","1282","51%","NA","Fall 2012","$23,396","-","154004","00187900"
"Mount Mercy University","1330 Elmhurst Dr NE, Cedar Rapids, Iowa 52402-4797","www.mtmercy.edu","4-year, Private not-for-profit","Bachelor's degree|Master's degree|Doctor's degree - research/scholarship|Doctor's degree - professional practice","City: Midsize","Yes","1835","1501","71%","21%","Fall 2012","$20,704","-","154013","00188000"
"Mount St. Mary's University","16300 Old Emmitsburg Road, Emmitsburg, Maryland 21727-7799","www.msmary.edu","4-year, Private not-for-profit","Bachelor's degree|Postbaccalaureate certificate|Master's degree|Post-master's certificate","Town: Fringe","Yes","2406","1888","64%","32%","Fall 2012","$28,548","-","163462","00208600"
"Murray State University","218 Wells Hall, Murray, Kentucky 42071-3318","www.murraystate.edu","4-year, Public","Less than one year certificate|Associate's degree|Bachelor's degree|Postbaccalaureate certificate|Master's degree|Doctor's degree - professional practice|Doctor's degree - other","Town: Remote","Yes","9454","8056","55%","NA","Fall 2012","$12,270","-","157401","00197700"
"Ner Israel Rabbinical College","400 Mount Wilson Ln, Baltimore, Maryland 21208","https://nirc.edu","4-year, Private not-for-profit","Bachelor's degree|Master's degree|Doctor's degree - research/scholarship|Doctor's degree - professional practice","Suburb: Large","Yes","419","249","49%","23%","Fall 2012","$11,326","-","163532","00208700"
"New Orleans Baptist Theological Seminary","3939 Gentilly Blvd, New Orleans, Louisiana 70126","www.nobts.edu","4-year, Private not-for-profit","Less than one year certificate|Associate's degree|Bachelor's degree|Postbaccalaureate certificate|Master's degree|Post-master's certificate|Doctor's degree - research/scholarship|Doctor's degree - other","City: Large","Yes","2112","736","41%","NA","Fall 2012","$12,026","-","159948","00201900"
"Newman University","3100 McCormick Ave, Wichita, Kansas 67213-2097","www.newmanu.edu","4-year, Private not-for-profit","Associate's degree|Bachelor's degree|Master's degree","City: Large","Yes","3373","2766","54%","NA","Fall 2012","$13,902","-","155335","00193900"
"Nicholls State University","University Station  La Hwy 1, Thibodaux, Louisiana 70310","www.nicholls.edu","4-year, Public","Associate's degree|Bachelor's degree|Postbaccalaureate certificate|Master's degree|Post-master's certificate","City: Small","Yes","6453","5864","45%","29%","Fall 2012","$10,496","-","159966","00200500"
"Northern Kentucky University","Nunn Drive, Highland Heights, Kentucky 41099","www.nku.edu","4-year, Public","Less than one year certificate|One but less than two years certificate|Associate's degree|Bachelor's degree|Postbaccalaureate certificate|Master's degree|Post-master's certificate|Doctor's degree - research/scholarship|Doctor's degree - professional practice","Suburb: Large","Yes","14764","11914","42%","NA","Fall 2012","$9,753","-","157447","00927500"
"Northwestern College","101 Seventh St SW, Orange City, Iowa 51041","https://www.nwciowa.edu/","4-year, Private not-for-profit","Bachelor's degree|Postbaccalaureate certificate|Master's degree","Town: Distant","Yes","1299","1024","69%","29%","Fall 2012","$24,269","-","154101","00188300"
"Northwestern State University of Louisiana","175 Sam Sibley Drive, Natchitoches, Louisiana 71497-0002","www.nsula.edu/","4-year, Public","Associate's degree|Bachelor's degree|Postbaccalaureate certificate|Master's degree|Post-master's certificate|Doctor's degree - research/scholarship|Doctor's degree - professional practice","Town: Remote","Yes","11081","9994","45%","NA","Fall 2012","$10,448","-","160038","00202100"
"Notre Dame of Maryland University","4701 N Charles St, Baltimore, Maryland 21210-2476","www.ndm.edu","4-year, Private not-for-profit","Bachelor's degree|Postbaccalaureate certificate|Master's degree|Post-master's certificate|Doctor's degree - research/scholarship|Doctor's degree - professional practice","City: Large","Yes","2371","836","53%","36%","Fall 2012","$21,686","-","163578","00206500"
"Oakland City University","138 N Lucretia St, Oakland City, Indiana 47660-1099","www.oak.edu","4-year, Private not-for-profit","One but less than two years certificate|Associate's degree|Bachelor's degree|Master's degree|Doctor's degree - research/scholarship|Doctor's degree - professional practice","Town: Distant","Yes","1419","1231","57%","24%","Fall 2012","$15,066","-","152099","00182400"
"Ottawa University-Kansas City","4370 W. 109th Street Suite 200, Overland Park, Kansas 66211","www.ottawa.edu","4-year, Private not-for-profit","Bachelor's degree|Master's degree","City: Midsize","No","493","328","NA","NA","Fall 2012","NA","-","155636","00193702"
"Ottawa University-Online","1001 South Cedar, Ottawa, Kansas 66067","www.ottawa.edu/","4-year, Private not-for-profit","Bachelor's degree|Master's degree","Town: Distant","No","195","164","NA","NA","Fall 2012","NA","-","454582","00193700"
"Ottawa University-Ottawa","1001 South Cedar, Ottawa, Kansas 66067-3399","www.ottawa.edu","4-year, Private not-for-profit","Bachelor's degree|Master's degree","Town: Distant","Yes","754","706","45%","NA","Fall 2012","$25,583","-","155627","00193700"
"Palmer College of Chiropractic","1000 Brady St, Davenport, Iowa 52803-5287","www.palmer.edu","4-year, Private not-for-profit","Associate's degree|Bachelor's degree|Master's degree|Doctor's degree - professional practice","City: Midsize","Yes","2179","24","67%","33%","Fall 2012","$23,515","-","154174","01230000"
"Pittsburg State University","1701 S Broadway, Pittsburg, Kansas 66762","www.pittstate.edu","4-year, Public","Less than one year certificate|One but less than two years certificate|Associate's degree|Two but less than 4 years certificate|Bachelor's degree|Postbaccalaureate certificate|Master's degree|Post-master's certificate|Doctor's degree - professional practice","Town: Distant","Yes","6625","5402","53%","NA","Fall 2012","$13,906","-","155681","00192600"
"Purdue University - Purdue Polytechnic Anderson","1920 Purdue Parkway, Anderson, Indiana 46016","polytechnic.purdue.edu/anderson","4-year, Public","Less than one year certificate|Associate's degree|Bachelor's degree|Postbaccalaureate certificate","City: Small","No","","","NA","NA","Fall 2012","NA","-","24378001","00182501"
"Purdue University - Purdue Polytechnic Columbus","AMCE Building, 4444 Kelly Street, Columbus, Indiana 47203","polytechnic.purdue.edu/columbus","4-year, Public","Less than one year certificate|Associate's degree|Bachelor's degree|Postbaccalaureate certificate","City: Small","No","","","NA","NA","Fall 2012","NA","-","24378006","00182502"
"Purdue University - Purdue Polytechnic Indianapolis","2175 South Hoffman Road, Indianapolis, Indiana 46241","polytechnic.purdue.edu/indianapolis","4-year, Public","Less than one year certificate|Associate's degree|Bachelor's degree|Postbaccalaureate certificate","City: Large","No","","","NA","NA","Fall 2012","NA","-","24378002","00182504"
"Purdue University - Purdue Polytechnic Kokomo","2300 S. Washington Street, Kokomo, Indiana 46904","polytechnic.purdue.edu/kokomo","4-year, Public","Less than one year certificate|Associate's degree|Bachelor's degree|Postbaccalaureate certificate","City: Small","No","","","NA","NA","Fall 2012","NA","-","24378007","00182505"
"Purdue University - Purdue Polytechnic Lafayette","5500 State Road 38E, Lafayette, Indiana 47903","polytechnic.purdue.edu/lafayette","4-year, Public","Less than one year certificate|Associate's degree|Bachelor's degree|Postbaccalaureate certificate","City: Small","No","","","NA","NA","Fall 2012","NA","-","24378009","00182512"
"Purdue University - Purdue Polytechnic New Albany","3000 Technology Avenue, New Albany, Indiana 47150","polytechnic.purdue.edu/new-albany","4-year, Public","Less than one year certificate|Associate's degree|Bachelor's degree|Postbaccalaureate certificate","Suburb: Large","No","","","NA","NA","Fall 2012","NA","-","24378004","00182508"
"Purdue University - Purdue Polytechnic Richmond","Tom Raper Hall, Room 140, Richmond, Indiana 47374","polytechnic.purdue.edu/richmond","4-year, Public","Less than one year certificate|Associate's degree|Bachelor's degree|Postbaccalaureate certificate","Rural: Fringe","No","","","NA","NA","Fall 2012","NA","-","24378008","00182507"
"Purdue University - Purdue Polytechnic South Bend","1733 Northside Blvd, South Bend, Indiana 46634","polytechnic.purdue.edu/south-bend","4-year, Public","Less than one year certificate|Associate's degree|Bachelor's degree|Postbaccalaureate certificate","City: Midsize","No","","","NA","NA","Fall 2012","NA","-","24378003","00182506"
"Purdue University - Purdue Polytechnic Vincennes","Technology Building, 1002 North First Street, Vincennes, Indiana 47591","polytechnic.purdue.edu/vincennes","4-year, Public","Less than one year certificate|Associate's degree|Bachelor's degree|Postbaccalaureate certificate","Town: Remote","No","","","NA","NA","Fall 2012","NA","-","24378010","00182515"
"Purdue University Fort Wayne","2101 E Coliseum Blvd, Fort Wayne, Indiana 46805-1499","www.pfw.edu","4-year, Public","Less than one year certificate|One but less than two years certificate|Associate's degree|Bachelor's degree|Postbaccalaureate certificate|Master's degree","City: Large","Yes","10139","9664","39%","NA","Fall 2012","$10,195","-","151102","00182800"
"Purdue University Global-Augusta","14 Marketplace Drive, Augusta, Maine 04330","https://www.purdueglobal.edu/campus-locations/augusta-maine/","4-year, Public","Less than one year certificate|One but less than two years certificate|Associate's degree|Bachelor's degree|Postbaccalaureate certificate|Master's degree|Post-master's certificate|Doctor's degree - professional practice","Town: Distant","No","489","431","24%","NA","Fall 2012","NA","-","480064","00458617"
"Purdue University Global-Cedar Falls","7009 Nordic Drive, Cedar Falls, Iowa 50613","https://www.purdueglobal.edu/campus-locations/cedar-falls-iowa/","4-year, Public","Less than one year certificate|One but less than two years certificate|Associate's degree|Bachelor's degree|Postbaccalaureate certificate|Master's degree|Post-master's certificate|Doctor's degree - professional practice","City: Small","No","149","120","27%","NA","Fall 2012","$13,009","-","260910","00458607"
"Purdue University Global-Cedar Rapids","3165 Edgewood Parkway SW, Cedar Rapids, Iowa 52404","https://www.purdueglobal.edu/campus-locations/cedar-rapids-iowa/","4-year, Public","Less than one year certificate|One but less than two years certificate|Associate's degree|Bachelor's degree|Postbaccalaureate certificate|Master's degree|Post-master's certificate|Doctor's degree - professional practice","City: Midsize","No","411","360","38%","NA","Fall 2012","NA","-","153418","00458604"
"Purdue University Global-Davenport","1801 East Kimberly Road, Suite 1, Davenport, Iowa 52807-2095","https://www.purdueglobal.edu/campus-locations/davenport-iowa/","4-year, Public","Less than one year certificate|One but less than two years certificate|Associate's degree|Bachelor's degree|Postbaccalaureate certificate|Master's degree|Post-master's certificate|Doctor's degree - professional practice","City: Midsize","No","30512","23186","48%","NA","Fall 2012","$17,759","-","260901","00458621"
"Purdue University Global-Des Moines","4655 North West 121 Street, Urbandale, Iowa 50323-5702","https://www.purdueglobal.edu/campus-locations/des-moines-iowa/","4-year, primarily associate's, Public","Less than one year certificate|One but less than two years certificate|Associate's degree|Bachelor's degree|Postbaccalaureate certificate|Master's degree|Post-master's certificate|Doctor's degree - professional practice","Suburb: Large","No","760","638","30%","NA","Fall 2012","$17,454","-","367024","00458605"
"Purdue University Global-Hagerstown","18618 Crestwood Drive, Hagerstown, Maryland 21742","https://www.purdueglobal.edu/campus-locations/hagerstown-maryland/","4-year, Public","Less than one year certificate|One but less than two years certificate|Associate's degree|Bachelor's degree|Postbaccalaureate certificate|Master's degree|Post-master's certificate|Doctor's degree - professional practice","Suburb: Midsize","No","494","411","0%","NA","Fall 2012","NA","-","162681","00458612"
"Purdue University Global-Indianapolis","9000 Keystone Crossing, Suite 800, Indianapolis, Indiana 46240-0000","https://www.purdueglobal.edu/campus-locations/indianapolis-indiana/","4-year, Public","Less than one year certificate|One but less than two years certificate|Associate's degree|Bachelor's degree|Postbaccalaureate certificate|Master's degree|Post-master's certificate|Doctor's degree - professional practice","City: Large","No","1498","1258","NA","NA","Fall 2012","NA","-","489779","00458600"
"Purdue University Global-Lewiston","475 Lisbon Street, Lewiston, Maine 04240-0000","https://www.purdueglobal.edu/campus-locations/lewiston-maine/","4-year, Public","Less than one year certificate|One but less than two years certificate|Associate's degree|Bachelor's degree|Postbaccalaureate certificate|Master's degree|Post-master's certificate|Doctor's degree - professional practice","City: Small","No","503","390","36%","NA","Fall 2012","NA","-","160940","00458616"
"Purdue University Global-Mason City","2570 4th Street SW, Mason City, Iowa 50401","https://www.purdueglobal.edu/campus-locations/mason-city-iowa/","4-year, Public","Less than one year certificate|One but less than two years certificate|Associate's degree|Bachelor's degree|Postbaccalaureate certificate|Master's degree|Post-master's certificate|Doctor's degree - professional practice","Town: Remote","No","142","107","63%","NA","Fall 2012","NA","-","153409","00458606"
"Purdue University Northwest","2200 169th Street, Hammond, Indiana 46323","www.pnw.edu","4-year, Public","Less than one year certificate|Associate's degree|Bachelor's degree|Postbaccalaureate certificate|Master's degree|Post-master's certificate|Doctor's degree - professional practice","Suburb: Large","Yes","10473","9573","37%","NA","Fall 2012","$9,747","-","490805","00182700"
"Purdue University-Main Campus","Hovde Hall of Administration, West Lafayette, Indiana 47907-2040","www.purdue.edu","4-year, Public","Less than one year certificate|Associate's degree|Bachelor's degree|Postbaccalaureate certificate|Master's degree|Post-master's certificate|Doctor's degree - research/scholarship|Doctor's degree - professional practice","City: Small","Yes","44474","33735","81%","NA","Fall 2012","$11,898","-","243780","00182500"
"Relay Graduate School of Education - Baton Rouge","5300 Monarch Avenue, Baton Rouge, Louisiana 70811-4906","relay.edu/location/relay-baton-rouge","4-year, Private not-for-profit","Less than one year certificate|Master's degree","City: Midsize","","","","NA","NA","Fall 2012","NA","-","47503307","04208607"
"Relay Graduate School of Education - New Orleans","1515 Poydras Street, Ste 820, New Orleans, Louisiana 70112","relay.edu/location/relay-new-orleans","4-year, Private not-for-profit","Less than one year certificate|Master's degree","City: Large","","","","NA","NA","Fall 2012","NA","-","47503302","04208602"
"Remington College-Shreveport Campus","2106 Bert Kouns Industrial Loop, Shreveport, Louisiana 71101","www.remingtoncollege.edu/shreveport-career-school-overview","4-year, primarily associate's, Private not-for-profit","Less than one year certificate|One but less than two years certificate|Associate's degree|Bachelor's degree","City: Midsize","No","301","301","59%","NA","Fall 2012","$20,516","-","451866","03026513"
"Rose-Hulman Institute of Technology","5500 Wabash Avenue, Terre Haute, Indiana 47803-3920","https://www.rose-hulman.edu","4-year, Private not-for-profit","Bachelor's degree|Master's degree","City: Small","Yes","2142","2085","81%","14%","Fall 2012","$44,063","-","152318","00183000"
"Saint Ambrose University","518 W Locust St, Davenport, Iowa 52803-2898","www.sau.edu","4-year, Private not-for-profit","Bachelor's degree|Master's degree|Post-master's certificate|Doctor's degree - research/scholarship|Doctor's degree - professional practice","City: Midsize","Yes","3045","2309","67%","27%","Fall 2012","$25,562","-","154235","00188900"
"Saint Joseph Seminary College","75376 River Road, St. Benedict, Louisiana 70457","saintjosephabbey.com/","4-year, Private not-for-profit","Bachelor's degree","Rural: Fringe","Yes","143","143","50%","NA","Fall 2012","$29,982","-","160409","00202700"
"Saint Joseph's College of Maine","278 Whites Bridge Rd, Standish, Maine 04084-5236","www.sjcme.edu","4-year, Private not-for-profit","Less than one year certificate|Associate's degree|Bachelor's degree|Postbaccalaureate certificate|Master's degree|Post-master's certificate","Rural: Fringe","Yes","2106","1440","63%","NA","Fall 2012","$27,221","-","161518","00205100"
"Saint Mary-of-the-Woods College","1 St Mary of Woods Coll, Saint Mary of the Woods, Indiana 47876-1099","www.smwc.edu","4-year, Private not-for-profit","Less than one year certificate|Associate's degree|Bachelor's degree|Postbaccalaureate certificate|Master's degree","Rural: Fringe","Yes","1035","723","57%","NA","Fall 2012","$16,337","-","152381","00183500"
"Saint Mary's College","133 Le Mans Hall, Notre Dame, Indiana 46556","www.saintmarys.edu","4-year, Private not-for-profit","Bachelor's degree|Master's degree|Doctor's degree - professional practice","Suburb: Large","Yes","1611","1485","78%","15%","Fall 2012","$25,610","-","152390","00183600"
"Saint Meinrad School of Theology","200 Hill Drive, St. Meinrad, Indiana 47577","www.saintmeinrad.edu","4-year, Private not-for-profit","Postbaccalaureate certificate|Master's degree|Post-master's certificate","Rural: Remote","Yes","163","","NA","NA","Fall 2012","NA","-","152451","00727600"
"Saint Paul School of Theology","13720 Roe Avenue, Leawood, Kansas 66224","www.spst.edu","4-year, Private not-for-profit","Master's degree|Doctor's degree","Suburb: Large","No","92","","NA","NA","Fall 2012","NA","-","179317","00250900"
"Salisbury University","1101 Camden Ave, Salisbury, Maryland 21801-6862","www.salisbury.edu","4-year, Public","Less than one year certificate|Bachelor's degree|Postbaccalaureate certificate|Master's degree|Post-master's certificate|Doctor's degree - research/scholarship|Doctor's degree - professional practice","Suburb: Small","Yes","8567","7650","68%","26%","Fall 2012","$18,163","-","163851","00209100"
"Shiloh University","100 Shiloh DR, Kalona, Iowa 52247","www.shilohuniversity.edu","4-year, Private not-for-profit","Less than one year certificate|Associate's degree|Bachelor's degree|Postbaccalaureate certificate|Master's degree|Doctor's degree - research/scholarship","Rural: Distant","No","42","14","NA","NA","Fall 2012","NA","-","480499","04259600"
"Simmons College of Kentucky","1018 South 7th Street, Louisville, Kentucky 40203-3322","www.simmonscollegeky.edu","4-year, primarily associate's, Private not-for-profit","One but less than two years certificate|Associate's degree|Bachelor's degree","City: Large","No","210","210","50%","NA","Fall 2012","$5,823","-","461759","04178000"
"Simpson College","701 North C St, Indianola, Iowa 50125","www.simpson.edu","4-year, Private not-for-profit","Bachelor's degree|Postbaccalaureate certificate|Master's degree","Town: Fringe","Yes","1444","1396","70%","NA","Fall 2012","$23,759","-","154350","00188700"
"Southeastern Louisiana University","548 Ned McGehee Ave., Hammond, Louisiana 70402","www.southeastern.edu","4-year, Public","Associate's degree|Bachelor's degree|Postbaccalaureate certificate|Master's degree|Post-master's certificate|Doctor's degree - research/scholarship|Doctor's degree - professional practice","City: Small","Yes","14298","13331","40%","34%","Fall 2012","$11,232","-","160612","00202400"
"Southeastern Louisiana University - Albert Cammon Middle School","234 Pirate Drive, St. Rose, Louisiana 70087-3616","www.southeastern.edu","4-year, Public","Doctor's degree - research/scholarship","Suburb: Large","","","","NA","NA","Fall 2012","NA","-","16061204","00202407"
"Southeastern Louisiana University - Destrahan High School","#1 Wildcat Lane, Destrehan, Louisiana 70047-4002","www.southeastern.edu","4-year, Public","Master's degree","Suburb: Large","","","","NA","NA","Fall 2012","NA","-","16061203","00202406"
"Southeastern Louisiana University - EBR Parish School System Prof Dev","3000 North Sherwood Forest Drive, Baton Rouge, Louisiana 70814-5322","www.southeastern.edu","4-year, Public","Master's degree|Doctor's degree - research/scholarship","City: Midsize","","","","NA","NA","Fall 2012","NA","-","16061201","00202401"
"Southeastern Louisiana University - St Amant High School","12035 Highway 431, St Amant, Louisiana 70774-3413","www.southeastern.edu","4-year, Public","Master's degree|Doctor's degree - research/scholarship","Suburb: Large","","","","NA","NA","Fall 2012","NA","-","16061202","00202403"
"Southern University and A & M College","3rd Floor, J.S. Clark Adm. Building, P.O. Box 9374, Baton Rouge, Louisiana 70813","www.subr.edu","4-year, Public","Bachelor's degree|Postbaccalaureate certificate|Master's degree|Post-master's certificate|Doctor's degree - research/scholarship|Doctor's degree - professional practice","City: Midsize","Yes","6693","5838","30%","NA","Fall 2012","$15,856","-","160621","00202500"
"Southern University at New Orleans","6400 Press Drive, New Orleans, Louisiana 70126","www.suno.edu","4-year, Public","Associate's degree|Bachelor's degree|Postbaccalaureate certificate|Master's degree","City: Large","Yes","2356","1928","25%","NA","Fall 2012","$5,976","-","160630","00202600"
"Southern University Law Center","Baton Rouge, Louisiana 70813","www.sulc.edu/","4-year, Public","Doctor's degree - professional practice","City: Midsize","No","619","","NA","NA","Fall 2012","NA","-","440916","00202500"
"Southwestern College","100 College Street, Winfield, Kansas 67156-6224","www.sckans.edu","4-year, Private not-for-profit","Less than one year certificate|Associate's degree|Bachelor's degree|Postbaccalaureate certificate|Master's degree|Doctor's degree - research/scholarship","Town: Distant","Yes","1514","1346","48%","40%","Fall 2012","$22,966","-","155900","00194000"
"Spalding University","901 S Fourth Street, Louisville, Kentucky 40203-2188","https://www.spalding.edu","4-year, Private not-for-profit","Associate's degree|Bachelor's degree|Postbaccalaureate certificate|Master's degree|Post-master's certificate|Doctor's degree - research/scholarship|Doctor's degree - professional practice","City: Large","Yes","1758","1028","39%","31%","Fall 2012","$23,552","-","157757","00196000"
"St Luke's College","2720 Stone Park Blvd, Sioux City, Iowa 51104-0263","www.stlukescollege.edu","4-year, primarily associate's, Private not-for-profit","Less than one year certificate|One but less than two years certificate|Associate's degree|Bachelor's degree","City: Small","No","273","273","57%","43%","Fall 2012","$21,375","-","154262","00729100"
"St. John's College","60 College Ave, Annapolis, Maryland 21401","www.sjc.edu","4-year, Private not-for-profit","Bachelor's degree|Master's degree","Suburb: Large","Yes","527","474","76%","NA","Fall 2012","$29,434","-","163976","00209200"
"St. Mary's College of Maryland","47645 College Drive, St. Mary's City, Maryland 20686","www.smcm.edu","4-year, Public","Bachelor's degree|Master's degree","Suburb: Small","Yes","1582","1552","80%","17%","Fall 2012","$20,479","-","163912","00209500"
"Sterling College","125 W. Cooper, Sterling, Kansas 67579","www.sterling.edu","4-year, Private not-for-profit","Bachelor's degree|Master's degree","Rural: Distant","Yes","651","648","53%","27%","Fall 2012","$20,061","-","155937","00194500"
"Stevenson University","1525 Greenspring Valley Rd, Stevenson, Maryland 21153-0641","www.stevenson.edu","4-year, Private not-for-profit","Bachelor's degree|Postbaccalaureate certificate|Master's degree","Rural: Fringe","Yes","3615","3113","56%","38%","Fall 2012","$26,663","-","164173","00210700"
"Tabor College","400 S Jefferson, Hillsboro, Kansas 67063-1799","tabor.edu/","4-year, Private not-for-profit","Associate's degree|Bachelor's degree|Master's degree","Town: Remote","Yes","713","656","42%","NA","Fall 2012","$24,894","-","155973","00194600"
"Taylor University","236 W Reade Ave, Upland, Indiana 46989-1001","https://www.taylor.edu","4-year, Private not-for-profit","Associate's degree|Bachelor's degree|Master's degree","Town: Distant","Yes","2195","2167","82%","NA","Fall 2012","$25,382","-","152530","00183800"
"The Chicago School of Professional Psychology at Xavier University of Louisiana","1 Drexel Drive, New Orleans, Louisiana 70125-1056","www.thechicagoschool.edu/","4-year, Private not-for-profit","Doctor's degree - professional practice","City: Large","No","28","","NA","NA","Fall 2012","NA","-","487153","02155308"
"The Southern Baptist Theological Seminary","2825 Lexington Rd, Louisville, Kentucky 40280-0001","www.sbts.edu","4-year, Private not-for-profit","Less than one year certificate|One but less than two years certificate|Associate's degree|Two but less than 4 years certificate|Bachelor's degree|Postbaccalaureate certificate|Master's degree|Doctor's degree - research/scholarship|Doctor's degree - other","City: Large","Yes","4121","983","49%","NA","Fall 2012","$26,473","-","157748","00198200"
"Thomas College","180 W River Rd, Waterville, Maine 04901-5097","www.thomas.edu","4-year, Private not-for-profit","Associate's degree|Bachelor's degree|Master's degree","Rural: Fringe","Yes","1767","1645","49%","NA","Fall 2012","$21,526","-","161563","00205200"
"Thomas More College","333 Thomas More Parkway, Crestview Hills, Kentucky 41017-3495","www.thomasmore.edu","4-year, Private not-for-profit","Less than one year certificate|One but less than two years certificate|Associate's degree|Bachelor's degree|Master's degree","Suburb: Large","Yes","2253","2047","48%","40%","Fall 2012","$18,517","-","157809","00200100"
"Towson University","8000 York Rd, Towson, Maryland 21252-0001","www.towson.edu","4-year, Public","Bachelor's degree|Postbaccalaureate certificate|Master's degree|Post-master's certificate|Doctor's degree - research/scholarship|Doctor's degree - professional practice","City: Small","Yes","22923","19818","73%","20%","Fall 2012","$16,148","-","164076","00209900"
"Transylvania University","300 N Broadway, Lexington, Kentucky 40508-1797","www.transy.edu","4-year, Private not-for-profit","Bachelor's degree","City: Large","Yes","987","987","75%","NA","Fall 2012","$26,125","-","157818","00198700"
"Trine University","1 University Ave, Angola, Indiana 46703-1764","www.trine.edu","4-year, Private not-for-profit","Associate's degree|Bachelor's degree|Master's degree|Doctor's degree - professional practice","Town: Distant","Yes","4320","4190","65%","25%","Fall 2012","$24,973","-","152567","00183900"
"Trine University-Regional/Non-Traditional Campuses","9910 Dupont Circle Drive East, Fort Wayne, Indiana 46825","www.trine.edu/adult-studies/index.aspx","4-year, Private not-for-profit","Associate's degree|Bachelor's degree|Master's degree","City: Large","No","652","303","50%","NA","Fall 2012","$14,712","-","414878","00183901"
"Tulane University of Louisiana","6823 St. Charles Avenue, New Orleans, Louisiana 70118-5698","tulane.edu","4-year, Private not-for-profit","Associate's degree|Bachelor's degree|Postbaccalaureate certificate|Master's degree|Doctor's degree - research/scholarship|Doctor's degree - professional practice","City: Large","Yes","12646","7920","85%","11%","Fall 2012","$37,692","-","160755","00202900"
"Union Bible College","434 S. Union Street, Westfield, Indiana 46074-0900","https://ubca.org","4-year, Private not-for-profit","Less than one year certificate|One but less than two years certificate|Associate's degree|Bachelor's degree","Suburb: Large","Yes","61","61","25%","NA","Fall 2012","$9,803","-","491525","04250000"
"Union College","310 College St, Barbourville, Kentucky 40906-1499","www.unionky.edu","4-year, Private not-for-profit","Less than one year certificate|Associate's degree|Bachelor's degree|Postbaccalaureate certificate|Master's degree|Post-master's certificate","Town: Remote","Yes","1333","1119","27%","NA","Fall 2012","$17,445","-","157863","00198800"
"United States Naval Academy","121 Blake Road, Annapolis, Maryland 21402-5000","www.usna.edu","4-year, Public","Bachelor's degree","Suburb: Large","Yes","4512","4512","91%","NA","Fall 2012","NA","-","164155","00210100"
"Unity College","90 Quaker Hill Road, Unity, Maine 04988","https://www.unity.edu","4-year, Private not-for-profit","Associate's degree|Bachelor's degree|Postbaccalaureate certificate|Master's degree","Rural: Remote","Yes","814","735","66%","NA","Fall 2012","$26,614","-","161572","00685800"
"University of Baltimore","Charles at Mount Royal, Baltimore, Maryland 21201-5720","www.ubalt.edu","4-year, Public","Two but less than 4 years certificate|Bachelor's degree|Postbaccalaureate certificate|Master's degree|Post-master's certificate|Doctor's degree - research/scholarship|Doctor's degree - professional practice","City: Large","No","5041","2569","37%","36%","Fall 2012","$20,010","-","161873","00210200"
"University of Dubuque","2000 University Ave, Dubuque, Iowa 52001","www.dbq.edu","4-year, Private not-for-profit","Associate's degree|Bachelor's degree|Master's degree|Doctor's degree - professional practice","City: Small","Yes","2385","1969","43%","32%","Fall 2012","$21,452","-","153278","00189100"
"University of Evansville","1800 Lincoln Avenue, Evansville, Indiana 47722","www.evansville.edu/","4-year, Private not-for-profit","Associate's degree|Bachelor's degree|Master's degree|Doctor's degree - professional practice","City: Midsize","Yes","2443","2243","74%","NA","Fall 2012","$23,038","-","150534","00179500"
"University of Holy Cross","4123 Woodland Drive, New Orleans, Louisiana 70131-7399","uhcno.edu","4-year, Private not-for-profit","Associate's degree|Bachelor's degree|Master's degree|Doctor's degree - research/scholarship","City: Large","Yes","1255","923","49%","NA","Fall 2012","$12,886","-","160065","00202300"
"University of Indianapolis","1400 E Hanna Ave, Indianapolis, Indiana 46227-3697","uindy.edu","4-year, Private not-for-profit","Associate's degree|Bachelor's degree|Master's degree|Doctor's degree - research/scholarship|Doctor's degree - professional practice","City: Large","Yes","5935","4508","60%","30%","Fall 2012","$20,976","-","151263","00180400"
"University of Iowa","101 Jessup Hall, Iowa City, Iowa 52242-1316","www.uiowa.edu","4-year, Public","Bachelor's degree|Postbaccalaureate certificate|Master's degree|Post-master's certificate|Doctor's degree - research/scholarship|Doctor's degree - professional practice","City: Small","Yes","31656","23989","73%","20%","Fall 2012","$15,817","-","153658","00189200"
"University of Kansas","Strong Hall, 1450 Jayhawk Blvd, Room 230, Lawrence, Kansas 66045","https://ku.edu","4-year, Public","One but less than two years certificate|Bachelor's degree|Postbaccalaureate certificate|Master's degree|Post-master's certificate|Doctor's degree - research/scholarship|Doctor's degree - professional practice","City: Small","Yes","27690","19596","65%","26%","Fall 2012","$18,415","-","155317","00194800"
"University of Kentucky","South Limestone, Lexington, Kentucky 40506-0032","www.uky.edu","4-year, Public","Less than one year certificate|Bachelor's degree|Postbaccalaureate certificate|Master's degree|Post-master's certificate|Doctor's degree - research/scholarship|Doctor's degree - professional practice","City: Large","Yes","29182","22136","66%","NA","Fall 2012","$19,762","-","157085","00198900"
"University of Louisiana at Lafayette","104 University Circle, Lafayette, Louisiana 70503","www.louisiana.edu","4-year, Public","Bachelor's degree|Postbaccalaureate certificate|Master's degree|Post-master's certificate|Doctor's degree - research/scholarship|Doctor's degree - professional practice","City: Midsize","Yes","17123","15073","48%","NA","Fall 2012","$11,190","-","160658","00203100"
"University of Louisiana at Monroe","700 University Avenue, Monroe, Louisiana 71209-0000","www.ulm.edu","4-year, Public","Associate's degree|Bachelor's degree|Postbaccalaureate certificate|Master's degree|Post-master's certificate|Doctor's degree - research/scholarship|Doctor's degree - professional practice","City: Small","Yes","9291","7788","44%","NA","Fall 2012","$9,455","-","159993","00202000"
"University of Louisville","2301 S 3rd St, Louisville, Kentucky 40292-0001","www.louisville.edu","4-year, Public","Less than one year certificate|Associate's degree|Bachelor's degree|Postbaccalaureate certificate|Master's degree|Post-master's certificate|Doctor's degree - research/scholarship|Doctor's degree - professional practice","City: Large","Yes","21430","15641","57%","NA","Fall 2012","$17,098","-","157289","00199900"
"University of Maine","168 College Avenue, Orono, Maine 04469","www.umaine.edu/","4-year, Public","Bachelor's degree|Postbaccalaureate certificate|Master's degree|Post-master's certificate|Doctor's degree - research/scholarship","Suburb: Small","Yes","11404","9365","60%","24%","Fall 2012","$16,984","-","161253","00205300"
"University of Maine at Augusta","46 University Dr, Augusta, Maine 04330-9410","www.uma.edu/","4-year, Public","One but less than two years certificate|Associate's degree|Bachelor's degree","Town: Distant","No","4128","4128","18%","18%","Fall 2012","$9,899","-","161217","00676000"
"University of Maine at Farmington","224 Main St., Farmington, Maine 04938-9978","www.umf.maine.edu","4-year, Public","Less than one year certificate|Bachelor's degree|Postbaccalaureate certificate|Master's degree","Town: Remote","Yes","2040","1736","52%","33%","Fall 2012","$14,579","-","161226","00204000"
"University of Maine at Fort Kent","23 University Drive, Fort Kent, Maine 04743-1292","www.umfk.maine.edu","4-year, Public","Associate's degree|Bachelor's degree","Rural: Remote","Yes","1791","1791","46%","20%","Fall 2012","$10,731","-","161235","00204100"
"University of Maine at Machias","116 O'Brien Ave, Machias, Maine 04654-1397","machias.edu","4-year, Public","Less than one year certificate|One but less than two years certificate|Associate's degree|Bachelor's degree","Rural: Remote","Yes","675","675","29%","33%","Fall 2012","$8,877","-","161244","00205500"
"University of Maine at Presque Isle","181 Main St, Presque Isle, Maine 04769-2888","www.umpi.edu/","4-year, Public","Less than one year certificate|Associate's degree|Bachelor's degree","Rural: Fringe","Yes","1553","1553","35%","30%","Fall 2012","$10,370","-","161341","00203300"
"University of Maryland Eastern Shore","J.T. Williams Hall, Princess Anne, Maryland 21853-1299","www.umes.edu","4-year, Public","One but less than two years certificate|Bachelor's degree|Master's degree|Doctor's degree - research/scholarship|Doctor's degree - professional practice","Town: Fringe","Yes","3193","2597","39%","28%","Fall 2012","$16,606","-","163338","00210600"
"University of Maryland, Baltimore","620 West Lexington St, Baltimore, Maryland 21201-1627","www.umaryland.edu","4-year, Public","Bachelor's degree|Postbaccalaureate certificate|Master's degree|Post-master's certificate|Doctor's degree - research/scholarship|Doctor's degree - professional practice","City: Large","Yes","6777","909","NA","NA","Fall 2012","NA","-","163259","00210400"
"University of Maryland-Baltimore County","1000 Hilltop Circle, Baltimore, Maryland 21250","umbc.edu","4-year, Public","Two but less than 4 years certificate|Bachelor's degree|Postbaccalaureate certificate|Master's degree|Doctor's degree - research/scholarship","Suburb: Large","Yes","13767","11260","68%","20%","Fall 2012","$17,141","-","163268","00210500"
"University of Maryland-College Park","College Park, Maryland 20742","www.umd.edu","4-year, Public","Two but less than 4 years certificate|Bachelor's degree|Postbaccalaureate certificate|Master's degree|Post-master's certificate|Doctor's degree - research/scholarship|Doctor's degree - professional practice","Suburb: Large","Yes","41200","30762","86%","9%","Fall 2012","$16,790","-","163286","00210300"
"University of Maryland-University College","3501 University Blvd East, Adelphi, Maryland 20783-8010","www.umuc.edu","4-year, Public","Associate's degree|Two but less than 4 years certificate|Bachelor's degree|Postbaccalaureate certificate|Master's degree|Doctor's degree - professional practice","Suburb: Large","No","60603","47253","15%","37%","Fall 2012","$13,672","-","163204","01164400"
"University of New England","11 Hills Beach Rd, Biddeford, Maine 04005-9599","https://www.une.edu/","4-year, Private not-for-profit","Bachelor's degree|Postbaccalaureate certificate|Master's degree|Post-master's certificate|Doctor's degree - research/scholarship|Doctor's degree - professional practice","Suburb: Midsize","Yes","8010","4449","63%","30%","Fall 2012","$34,445","-","161457","00205000"
"University of New Orleans","2000 Lakeshore Drive, New Orleans, Louisiana 70148","www.uno.edu","4-year, Public","Bachelor's degree|Postbaccalaureate certificate|Master's degree|Doctor's degree - research/scholarship","City: Large","Yes","8151","6588","37%","33%","Fall 2012","$9,859","-","159939","00201500"
"University of Northern Iowa","1227 W 27th St, Cedar Falls, Iowa 50614-0005","www.uni.edu","4-year, Public","Bachelor's degree|Master's degree|Doctor's degree","City: Small","Yes","11187","9536","65%","25%","Fall 2012","$16,453","-","154095","00189000"
"University of Notre Dame","400 Main Building, Notre Dame, Indiana 46556","www.nd.edu","4-year, Private not-for-profit","Bachelor's degree|Master's degree|Doctor's degree - research/scholarship|Doctor's degree - professional practice","Suburb: Large","Yes","12607","8617","97%","NA","Fall 2012","$30,229","-","152080","00184000"
"University of Pikeville","147 Sycamore St, Pikeville, Kentucky 41501","www.upike.edu","4-year, Private not-for-profit","Associate's degree|Bachelor's degree|Master's degree|Doctor's degree - professional practice","Town: Remote","Yes","2317","1499","29%","NA","Fall 2012","$18,015","-","157535","00198000"
"University of Saint Francis-Fort Wayne","2701 Spring St, Fort Wayne, Indiana 46808-3994","www.sf.edu","4-year, Private not-for-profit","Less than one year certificate|Associate's degree|Bachelor's degree|Postbaccalaureate certificate|Master's degree|Post-master's certificate|Doctor's degree - professional practice","City: Large","Yes","2199","1778","55%","NA","Fall 2012","$16,544","-","152336","00183200"
"University of Saint Mary","4100 S 4th St, Leavenworth, Kansas 66048-5082","www.stmary.edu","4-year, Private not-for-profit","Associate's degree|Bachelor's degree|Master's degree|Doctor's degree - professional practice","Town: Fringe","Yes","1254","732","55%","30%","Fall 2012","$20,558","-","155812","00194300"
"University of Southern Indiana","8600 University Blvd, Evansville, Indiana 47712","www.usi.edu","4-year, Public","Less than one year certificate|One but less than two years certificate|Associate's degree|Bachelor's degree|Postbaccalaureate certificate|Master's degree|Post-master's certificate|Doctor's degree - research/scholarship|Doctor's degree - professional practice","Suburb: Midsize","Yes","10986","9528","47%","33%","Fall 2012","$12,587","-","151306","00180800"
"University of Southern Maine","96 Falmouth St, Portland, Maine 04103","www.usm.maine.edu","4-year, Public","Less than one year certificate|Bachelor's degree|Postbaccalaureate certificate|Master's degree|Post-master's certificate|Doctor's degree - research/scholarship|Doctor's degree - professional practice","City: Small","Yes","8140","6390","39%","33%","Fall 2012","$11,963","-","161554","00205400"
"University of the Cumberlands","6191 College Station Drive, Williamsburg, Kentucky 40769","www.ucumberlands.edu","4-year, Private not-for-profit","Associate's degree|Bachelor's degree|Master's degree|Doctor's degree - research/scholarship|Doctor's degree - professional practice","Town: Remote","Yes","13472","3262","33%","45%","Fall 2012","$17,588","-","156541","00196200"
"Upper Iowa University","605 Washington St, Fayette, Iowa 52142-1857","https://www.uiu.edu","4-year, Private not-for-profit","Less than one year certificate|Associate's degree|Bachelor's degree|Postbaccalaureate certificate|Master's degree|Post-master's certificate","Rural: Remote","Yes","4392","3741","43%","NA","Fall 2012","$21,630","-","154493","00189300"
"Valparaiso University","US Highway 30 and Sturdy Road, Valparaiso, Indiana 46383","https://www.valpo.edu","4-year, Private not-for-profit","Less than one year certificate|One but less than two years certificate|Associate's degree|Bachelor's degree|Postbaccalaureate certificate|Master's degree|Post-master's certificate|Doctor's degree - professional practice","Suburb: Large","Yes","3786","3199","71%","NA","Fall 2012","$23,916","-","152600","00184200"
"Veritas Baptist College","181 US 50 E., Suite 204, Greendale, Indiana 47025","www.vbc.edu","4-year, Private not-for-profit","One but less than two years certificate|Associate's degree|Bachelor's degree|Postbaccalaureate certificate|Master's degree","Rural: Fringe","No","210","174","67%","NA","Fall 2012","$12,694","-","482228","03862600"
"Vincennes University","1002 N First St, Vincennes, Indiana 47591","https://www.vinu.edu","4-year, primarily associate's, Public","Less than one year certificate|One but less than two years certificate|Associate's degree|Bachelor's degree","Town: Remote","Yes","17481","17481","28%","27%","Fall 2012","$9,937","-","152637","00184300"
"Wabash College","301 West Wabash Avenue, Crawfordsville, Indiana 47933-0352","www.wabash.edu","4-year, Private not-for-profit","Bachelor's degree","Town: Distant","Yes","882","882","71%","23%","Fall 2012","$22,101","-","152673","00184400"
"Wartburg College","100 Wartburg Blvd., Waverly, Iowa 50677-0903","www.wartburg.edu","4-year, Private not-for-profit","Bachelor's degree|Master's degree","Town: Distant","Yes","1498","1498","67%","NA","Fall 2012","$22,599","-","154527","00189600"
"Wartburg Theological Seminary","333 Wartburg Pl, Dubuque, Iowa 52003-7769","https://www.wartburgseminary.edu","4-year, Private not-for-profit","Master's degree","City: Small","Yes","139","","NA","NA","Fall 2012","NA","-","154536","00189700"
"Washburn University","1700 SW College Avenue, Topeka, Kansas 66621-0001","www.washburn.edu","4-year, Public","Less than one year certificate|One but less than two years certificate|Associate's degree|Bachelor's degree|Postbaccalaureate certificate|Master's degree|Post-master's certificate|Doctor's degree - professional practice","City: Midsize","Yes","6571","5719","44%","30%","Fall 2012","$12,551","-","156082","00194900"
"Washington Adventist University","7600 Flower Ave, Takoma Park, Maryland 20912","https://www.wau.edu","4-year, Private not-for-profit","One but less than two years certificate|Associate's degree|Two but less than 4 years certificate|Bachelor's degree|Postbaccalaureate certificate|Master's degree","Suburb: Large","Yes","1131","960","37%","NA","Fall 2012","$16,862","-","162210","00206700"
"Washington College","300 Washington Ave, Chestertown, Maryland 21620-1438","www.washcoll.edu","4-year, Private not-for-profit","Bachelor's degree","Town: Distant","Yes","1367","1367","68%","28%","Fall 2012","$29,457","-","164216","00210800"
"Western Kentucky University","1906 College Heights Blvd, Bowling Green, Kentucky 42101-1000","www.wku.edu","4-year, Public","Less than one year certificate|Associate's degree|Bachelor's degree|Postbaccalaureate certificate|Master's degree|Post-master's certificate|Doctor's degree - professional practice|Doctor's degree - other","City: Small","Yes","19456","17030","45%","29%","Fall 2012","$12,486","-","157951","00200200"
"Wichita State University","1845 N. Fairmount, Wichita, Kansas 67260-0124","www.wichita.edu","4-year, Public","Less than one year certificate|Associate's degree|Bachelor's degree|Postbaccalaureate certificate|Master's degree|Post-master's certificate|Doctor's degree - research/scholarship|Doctor's degree - professional practice","City: Large","Yes","15778","13006","47%","27%","Fall 2012","$14,256","-","156125","00195000"
"William Penn University","201 Trueblood Ave, Oskaloosa, Iowa 52577","www.wmpenn.edu","4-year, Private not-for-profit","Associate's degree|Bachelor's degree|Master's degree","Town: Remote","Yes","1279","1214","35%","4%","Fall 2012","$18,338","-","154590","00190000"
"Women's Institute of Torah Seminary","6602 Park Heights Avenue, Baltimore, Maryland 21215-3009","www.maalotbaltimore.org/","4-year, Private not-for-profit","Bachelor's degree","City: Large","No","72","72","11%","33%","Fall 2012","NA","-","491631","04265200"
"Xavier University of Louisiana","1 Drexel Drive, New Orleans, Louisiana 70125-1098","https://www.xula.edu","4-year, Private not-for-profit","Less than one year certificate|Bachelor's degree|Master's degree|Doctor's degree - research/scholarship|Doctor's degree - professional practice","City: Large","Yes","3231","2478","49%","39%","Fall 2012","$18,227","-","160904","00203200"
"Yeshiva College of the Nations Capital","1216 Arcola Ave, Silver  Spring, Maryland 20902","ycnc.org","4-year, Private not-for-profit","Bachelor's degree","Suburb: Large","Yes","21","21","25%","17%","Fall 2012","$12,652","-","434937","03937300"
"","* Cohort Year represents the year for which students began their studies and applies to Graduation and Transfer Out Rates.","","","","","","","","","","","","","",""
"","** Net Price is Average Net Price for 2017-2018 generated for full-time beginning undergraduate students who were awarded grant or scholarship aid from federal, state or local governments, or the institution. For public institutions only students paying the in-state or in-district rate are included.  For institutions that charge students by program, net price is generated for the institutions largest program.","","","","","","","","","","","","","",""
"","NA (Not applicable) - Graduation rate, transfer-out rate and the net price are not applicable to institutions that do not have full-time, first-time degree-seeking undergraduate students in the applicable cohort year or the financial aid year.","","","","","","","","","","","","","",""
